GEOID,DISTRICT
37119000029,1
37119000123,1
37119000108,1
371190107.1,1
37119000212,1
37119000006,1
37119000149,1
37119000115,1
37119000030,1
37119000056,1
37119000124,1
37119000005,1
37119000095,1
37119000046,1
37119000033,1
37119000051,1
37119000042,1
37119000015,1
37119000004,1
37119000219,1
37119000024,1
37119000234,1
37025002-01,1
37119000146,1
37119000151,1
37119000002,1
37119000135,1
37119000014,1
37119000201,1
37119000011,1
37119000049,1
37119000236,1
37119000083,1
37119000060,1
37119000237,1
371190204.1,1
37119000003,1
37119000044,1
37119000010,1
37119000054,1
37057000018,1
37119000062,1
37119000037,1
371190238.1,1
37025004-08,1
37025012-11,1
37025012-09,1
3715900019A,1
37159000002,1
3715900005A,1
37159000010,1
37159000033,1
37159000026,1
37159000003,1
37159000015,1
37159000008,1
37159000001,1
37119000203,1
37159000030,1
37025012-13,1
37025012-08,1
37025012-06,1
37025002-03,1
37025001-11,1
37025004-03,1
37025004-11,1
37159000016,1
37159000009,1
37025001-08,1
37025004-12,1
37025012-05,1
37025012-04,1
37119000050,1
37119000082,1
37025012-10,1
37159000017,1
37025002-08,1
37025004-13,1
37119000104,1
37119000132,1
37025005-00,1
37025001-10,1
37025002-05,1
37119000022,1
37119000043,1
37025004-09,1
37119000211,1
37025004-01,1
37025012-03,1
37025011-02,1
37025003-00,1
37025001-07,1
37119000241,1
37119000205,1
37025001-04,1
37119000061,1
37119000145,1
37119000239,1
37119000027,1
37025002-09,1
37119000141,1
37119000105,1
37119000213,1
37119000045,1
37119000130,1
37119000013,1
37119000026,1
37025002-06,1
37119000009,1
37119000109,1
37025001-02,1
37119000084,1
37119000116,1
37025012-12,1
37025002-02,1
37119000128,1
37119000028,1
37159000013,1
37159000023,1
37159000025,1
3715900014A,1
37119000020,1
37119000038,1
37119000150,1
37119000126,1
37119000214,1
37119000021,1
37119000034,1
37025002-07,1
37119000007,2
37119000111,2
37119000085,2
37179000012,2
371230000T2,2
37153000016,2
37167000011,2
37167000027,2
37167000016,2
37119000117,2
37119000090,2
37119000113,2
37123000MTG,2
37153000004,2
37167000014,2
37167000028,2
37167000019,2
37119000137,2
37167000021,2
37119000121,2
37119000144,2
37119000101,2
37179000016,2
37119000218,2
37179000003,2
3717900038A,2
37179000027,2
37119000067,2
37179000004,2
37119000120,2
37167000024,2
37153000007,2
37119000110,2
37153000008,2
37153000005,2
37119000103,2
37119000092,2
37119000125,2
37119000074,2
3700700BURN,2
37119000001,2
37119000119,2
37119000129,2
37119000131,2
37123000ROC,2
37119000047,2
37179000026,2
37119000225,2
37153000002,2
37119000065,2
37153000001,2
37153000013,2
37119000100,2
37119000097,2
37119000114,2
37119000087,2
37119000019,2
37119000227,2
371190139.1,2
37153000012,2
37153000010,2
37153000014,2
37119000215,2
37119000106,2
37119000018,2
37119000118,2
37119000057,2
37119000148,2
37167000026,2
37167000022,2
37167000025,2
37167000018,2
37153000006,2
37057000056,2
37167000212,2
37167000020,2
37179000013,2
37179000030,2
37179000019,2
370070WADES,2
3700700PEAC,2
37179000036,2
370070000MM,2
37119000216,2
37007000ANS,2
3717900029A,2
37179000033,2
37025006-00,2
3717900017A,2
37179000032,2
37179000007,2
3717900037A,2
37119000232,2
37179000001,2
37025010-00,2
37025009-00,2
37179000010,2
370070000WS,2
3700700LILE,2
37119000221,2
37179000021,2
37179000031,2
37119000073,2
37119000069,2
37119000070,2
37119000063,2
37119000008,2
37119000064,2
3700700GULL,2
37119000075,2
3717900017B,2
37179000034,2
37179000014,2
37179000025,2
37123000CHE,2
37179000002,2
3717900028D,2
3717900028A,2
3717900028C,2
3717900028B,2
3717900020A,2
37167000003,2
37167000007,2
37179000023,2
37025008-00,2
37179000035,2
37179000011,2
37119000136,2
37179000022,2
37179000005,2
3717900038B,2
37119000088,2
37119000102,2
37119000138,2
37119000094,2
37119000036,2
37025011-01,2
37119000091,2
37167000010,2
37167000013,2
37167000023,2
37119000032,2
37119000093,2
37153000015,2
37167000008,2
37167000015,2
37119000096,2
37123000UWH,2
37123000PEE,2
371230000T1,2
37119000217,2
37167000017,2
37119000076,2
37159000022,2
37179000041,2
37119000099,2
37119000140,2
37119000220,2
37119000233,2
37119000066,2
37119000017,2
37179000024,2
37179000042,2
37119000112,2
37153000003,2
37119000231,2
37119000235,2
37025007-00,2
37119000086,2
37153000011,2
37119000077,2
37119000048,2
37179000009,2
37119000068,2
3717900020B,2
37179000006,2
37179000039,2
37179000015,2
37179000040,2
37179000008,2
3717900029C,2
37179000043,2
3700700POLK,2
3717900029B,2
37123000WAD,2
37119000226,2
37119000035,2
37119000071,2
37119000072,2
37123000ELD,2
37179000018,2
3717900037B,2
370550000MH,3
3705500FRCO,3
37143BETHEL,3
370910000CM,3
370910000M1,3
370910000HV,3
370910000A3,3
37065000501,3
37065001205,3
370130WASH2,3
370130PSJW3,3
3701300BLCK,3
370290000CH,3
37139000NIX,3
371390SOUTH,3
37143PARKVI,3
37143NEW-HO,3
370530000MY,3
370530000IR,3
37143NICANO,3
370530000CH,3
37177000015,3
370910000CO,3
371810000CC,3
37041000004,3
370910000M2,3
370910000A2,3
37131GALATI,3
3705500KTHK,3
37055000KDH,3
370550000EL,3
3705500AVON,3
3705500SOSH,3
37131GASTON,3
3707700SALM,3
37065000701,3
37069000013,3
37147001507,3
3705500NGHD,3
370830RR1-2,3
370830FAUCT,3
37083000HPR,3
3712700P12A,3
3707700CORI,3
37065000801,3
3707700SOOX,3
3705500CHCA,3
3711700000W,3
370130GILEA,3
3712700P02A,3
3712700P23A,3
3712700P17A,3
3712700P16A,3
3712700P04A,3
3712700P11A,3
3712700P14A,3
3712700P10A,3
370530000WH,3
3712700P03A,3
37065000601,3
370830ENF-2,3
3712700P13A,3
37065000103,3
3708300ENF1,3
370150000RX,3
370150000WD,3
370830BUTWD,3
37185000009,3
370830LIT-2,3
37185000001,3
37131LAKE-G,3
3708300RR-3,3
37083000RRC,3
37065001101,3
37065001202,3
371170000GN,3
37065000201,3
3712700P08A,3
3707700CRDL,3
37147000601,3
370910000SJ,3
370910000A1,3
37177000002,3
37177000001,3
37065001201,3
3713701AL-A,3
37041000006,3
370150000IW,3
370910000ML,3
370530000PP,3
370150000SN,3
3712700P18A,3
371870000LM,3
371870000P1,3
3707700WOEL,3
37181000NH1,3
371810000NV,3
3718100SCRK,3
37185000005,3
37185000004,3
37139000NEW,3
3712700P21A,3
3712700P19A,3
371870000SK,3
371170000PP,3
3712700P20A,3
3712700P24A,3
37065000301,3
370830RR-10,3
37083WEL1-2,3
370830LIT-1,3
37069000010,3
3712700P09A,3
37065000104,3
37177000003,3
3714701512A,3
371471403A2,3
371471403A1,3
3714701102B,3
37147001201,3
37069000006,3
37147001509,3
37065000102,3
37185000013,3
37185000006,3
37185000002,3
3707300004N,3
3708300RR-7,3
3708300RR-9,3
37069000007,3
3718100HTOP,3
3714701513A,3
3718100KITT,3
3707300004S,3
3714701512B,3
37147001501,3
37055000BUX,3
370950000LL,3
370530000CJ,3
37147000301,3
37181000SH1,3
37181000SH2,3
371810000WH,3
37131SEVERN,3
371870000P2,3
371370004HB,3
3708300RR-5,3
3713100GAPL,3
37131COMIPE,3
371170000HS,3
37185000010,3
37131RICH-S,3
370530000CI,3
370150000WH,3
371870000P3,3
37065000401,3
3714701510A,3
3705500DUCK,3
37069000009,3
371390000MH,3
37073000001,3
371370002OT,3
370530000GW,3
37073000005,3
37073000002,3
3718100MIDD,3
370910000BR,3
370150000M1,3
37143EAST-H,3
37055000COL,3
370530000KI,3
37139000SAL,3
3714500ALVI,3
3708300CONC,3
37177000014,3
3714701403B,3
37147001506,3
37147001503,3
37147000501,3
3712700P22A,3
3712700P06A,3
3714701508A,3
3714701508B,3
37069000008,3
37069000005,3
37069000016,3
3714701507B,3
37069000001,3
37131LASKER,3
3705500MATO,3
37185000007,3
3707700EAOX,3
3708300RR-4,3
3701300RVRD,3
37069000012,3
37069000011,3
37185000011,3
3714701505A,3
37185000014,3
370130WASH4,3
371170000R2,3
370130AUROR,3
3701300TCRK,3
37185000003,3
3701300OLDF,3
370130EDWAR,3
370130BELHV,3
37147000401,3
37069000017,3
371170000BG,3
371170000CR,3
3714701511B,3
37069000002,3
3713100WOPO,3
3714701505B,3
3714701504B,3
3714701504A,3
370150000W2,3
37147000701,3
370830WEL-3,3
370830RR-11,3
37147001101,3
3714701102A,3
370830000SN,3
370950000FF,3
3709500SLAD,3
370150000M2,3
370950000SQ,3
3712700P15A,3
3712700P07A,3
37083000HAL,3
37095000OCK,3
3705500STPT,3
3707700SASS,3
371390NORTH,3
37181000EH1,3
3713900EAST,3
370130CHOCO,3
37131NEWTOW,3
3713100JARE,3
3707700OKHL,3
3707700ANTI,3
37073000003,3
370530000CB,3
370290000SM,3
370290000SH,3
371370002SW,3
37139000PRO,3
370530000PB,3
370130000HB,3
37095000ENG,3
3713900WEST,3
371370003BY,3
371170000R1,3
371170000HM,3
3711700000J,3
370130PINET,3
370150000MH,3
3713704VM-A,3
3713704MSIC,3
37185000012,3
370130BEADM,3
37041000001,3
37041000005,3
370910000UN,3
37041000002,3
370910000WN,3
371810000NH,3
370150000C2,3
371870000SC,3
37177000016,3
37131SEABOA,3
37131CREEKS,3
37041000003,3
37065001203,3
37065001204,3
37065000101,3
370150000C1,3
370950000BM,3
370130PANTE,3
3712700P05A,3
37143WEST-H,3
37143BELVID,3
3701300WDPD,3
371170000W2,3
370150000W1,3
370130WASHP,3
37055000WAN,3
370830RINGW,3
37083000HOL,3
37185000008,3
37147000101,3
3714701511A,3
3701300NCRK,3
370130SURBA,3
37055000HAT,3
370130WASH1,3
371170000W1,3
371170000GR,3
37183002-03,4
37183007-09,4
37183001-02,4
37183001-30,4
37183013-10,4
37183007-12,4
37183008-06,4
37183007-03,4
37183002-01,4
37183017-06,4
37183001-32,4
37069000015,4
37069000003,4
37183008-07,4
37183001-51,4
37183001-39,4
37183002-05,4
37183004-03,4
37183008-09,4
37183001-03,4
3707700WILT,4
37069000018,4
37183007-11,4
37183007-13,4
37183008-05,4
37183018-06,4
37183019-09,4
37183009-01,4
37183007-07,4
37183007-04,4
37183001-41,4
37063000012,4
37063000018,4
370630034-2,4
370630034-1,4
37183017-03,4
37183009-03,4
37063000033,4
37063000032,4
37183001-37,4
37183013-06,4
37183002-02,4
37183010-01,4
37183018-01,4
37183008-11,4
37183019-12,4
37183019-03,4
37063000054,4
37063000008,4
37183001-01,4
37183017-13,4
37183017-12,4
37183017-04,4
37063055-11,4
37063055-49,4
37183001-16,4
37183002-04,4
37183019-17,4
37183019-14,4
37183017-10,4
37183019-05,4
37183019-15,4
37183019-13,4
37183017-01,4
37183008-08,4
37183008-04,4
37063000051,4
37063000017,4
37063000014,4
37183013-09,4
3707700TYHO,4
37183001-45,4
37063000029,4
37183014-01,4
3707700CRDM,4
37063000010,4
3707700MTEN,4
37183014-02,4
37063000031,4
37063000042,4
37183009-02,4
3707700BTNR,4
37183010-03,4
37183017-11,4
37183001-43,4
37183010-02,4
37183008-02,4
37183001-15,4
37183001-49,4
37183019-19,4
37183019-18,4
37183011-01,4
37183001-31,4
37183008-10,4
37183019-21,4
37183019-20,4
37183001-44,4
37183013-05,4
37183013-07,4
37183017-07,4
37063000047,4
37183007-02,4
37183001-46,4
37183001-48,4
37183007-05,4
37183001-17,4
37183019-11,4
37183019-07,4
37183013-01,4
37063000052,4
37183011-02,4
37063000015,4
37183017-02,4
37183001-42,4
37183001-23,4
37069000014,4
37183007-10,4
370630030-1,4
370630030-2,4
37183007-01,4
37183017-05,4
37183001-47,4
37183008-03,4
37183004-02,4
37183013-02,4
37063000041,4
37183007-06,4
37063000013,4
37183013-08,4
37183001-33,4
37183001-36,4
37183002-06,4
37069000019,4
37183019-16,4
37183001-18,4
37183001-38,4
37183013-11,4
370210001.1,5
370210053.1,5
370210068.1,5
370210022.2,5
370210027.2,5
370210058.1,5
370210059.1,5
370210066.1,5
370210044.1,5
370210024.1,5
370210048.1,5
370210038.3,5
370210036.1,5
37111FORT-1,5
37111FORT-2,5
370210060.2,5
370890000HS,5
3708900HV-1,5
370890000EF,5
370890000BK,5
370890000NW,5
370890000AT,5
370890000PR,5
37115GRAPEV,5
370210002.1,5
37115HOT-SP,5
3719910-PEN,5
370210050.1,5
370870000LJ,5
370210011.1,5
370210045.1,5
370210039.2,5
370210039.3,5
370210037.1,5
370210003.1,5
370210054.2,5
370210018.2,5
370890000FL,5
3708900HV-3,5
370210052.1,5
370890000CB,5
370890000MG,5
370210047.1,5
370210025.1,5
370210008.3,5
370210060.4,5
370210008.2,5
370210034.1,5
370890000AR,5
370890000HC,5
3703900BRAS,5
3704300HIAW,5
3704300SWEE,5
3704300HAY1,5
370210023.3,5
370210021.1,5
370210023.2,5
370890000EV,5
370890000FR,5
370210067.1,5
370210012.1,5
370210042.1,5
370210033.3,5
370210014.3,5
3719906-JAC,5
37121000007,5
370210019.1,5
370210010.1,5
370890000NB,5
370210056.2,5
370210029.2,5
37175000TC1,5
37173ALMOND,5
3707500EAST,5
37113000015,5
370870000WE,5
37173000BC1,5
37173000BC2,5
37099000SDC,5
37099000QUA,5
370870000IH,5
37113000003,5
37113000007,5
3707500STEC,5
370870000SA,5
3708700BE-2,5
370210026.1,5
37121000008,5
3719911-PRI,5
370890000SM,5
370890000GM,5
370890000NE,5
3717300WHCH,5
37121000006,5
3719909-SOU,5
3716100006A,5
3714900CG05,5
3704300HAYC,5
370210069.1,5
370210064.1,5
370210009.1,5
370210017.1,5
370210057.1,5
370210055.1,5
370210031.1,5
370210015.1,5
37161000028,5
3703900HOTH,5
3703900MARB,5
3703900MURN,5
3703900MURS,5
3703900RGER,5
3703900CSON,5
3719905-GRE,5
3714900WO06,5
37161000018,5
3714900CL07,5
3714900SA04,5
370890000RR,5
371110MAR-2,5
371110MAR-5,5
37111HIGGIN,5
37111GLENWD,5
3711100NEBO,5
3704300HAY2,5
371750000LR,5
370890000ES,5
37099000GCK,5
37099000CUL,5
370210013.1,5
371750000DR,5
371750000B1,5
3703900BELL,5
3704300TUSQ,5
3714900CL08,5
3704300WARN,5
371750000CM,5
371750000BD,5
371750000WC,5
371110MAR-4,5
37111T.COVE,5
371750000PF,5
371750000B4,5
371750000RE,5
370870000WC,5
3708700BE-4,5
37113000002,5
37113000014,5
37113000010,5
370210030.3,5
370210030.2,5
370890000NM,5
370210071.1,5
3703900ANNW,5
3703900HANG,5
3703900HIWA,5
3703900PCHT,5
3703900ANSW,5
37121000009,5
370210020.1,5
370210046.1,5
37099000SAV,5
37113000012,5
3704300SHCR,5
370870000EF,5
3708700WS-2,5
371110MAR-1,5
3703900TOPT,5
37111WEST-M,5
37111PLEASA,5
37111CCREEK,5
371110MAR-3,5
370870000AC,5
370210062.1,5
3719907-BRU,5
370210033.2,5
370210005.1,5
370210049.1,5
370210063.1,5
371490TR123,5
3716100016A,5
37111M.COVE,5
370210006.1,5
37099000GLV,5
37113000008,5
37113000005,5
37113000009,5
37099000CAS,5
3708700CL-S,5
3708700CL-N,5
371750000CC,5
371750000EF,5
370870000BC,5
37173ALARKA,5
371150SANDY,5
371750000B3,5
370890000LJ,5
370890000PV,5
371750000B2,5
37115REVERE,5
37121000002,5
37161000034,5
37113000006,5
370870000WO,5
37113000001,5
37113000011,5
37161000027,5
37099000WEB,5
37099000RIV,5
3704300BRAS,5
37111DYSART,5
3714900GC09,5
3708700FC-1,5
37099000SCC,5
37113000013,5
370210040.2,5
370210041.1,5
371150NORTH,5
370210016.2,5
370210043.2,5
37115MARS-H,5
37099000BCK,5
3708700BE56,5
37115EBBS-C,5
37115SPRING,5
370870000WW,5
370870000JC,5
3707500WEST,5
370890000CC,5
3719903-EGY,5
3719902-CAN,5
3707500TAPO,5
37115LAUREL,5
3703900GCRK,5
3703900UNKA,5
370890000ED,5
370210038.2,5
3719904-RAM,5
370890000LP,5
37121000005,5
37121000001,5
371150BEECH,5
370210051.2,5
3708700WS-1,5
3719901-BUR,5
3719908-CRA,5
370870000CR,5
3708700FC-2,5
370210004.1,5
370210028.1,5
370890000BC,5
370210014.2,5
370210065.1,5
370210032.1,5
371150SOUTH,5
37115WALNUT,5
370210035.1,5
370210061.1,5
37099000CFK,5
370870000CE,5
370890000SW,5
3708700000P,5
3708700BE-1,5
3708700BE-3,5
370890000RG,5
370890000SE,5
3708900HV-2,5
370890000SB,5
370210007.1,5
370890000GR,5
37175000TC7,5
37099000CAN,5
370210070.1,5
3708700BE-7,5
370870000PC,5
370870000HA,5
370870000ID,5
37113000004,5
37067000031,6
37067000906,6
37067000021,6
37081000CG1,6
37067000112,6
37081000G54,6
3708100H20A,6
37081000G71,6
37169000014,6
37067000704,6
37081000H18,6
3708100H20B,6
37067000403,6
37067000805,6
37081000G46,6
37081000G62,6
37171000023,6
37067000204,6
37067000306,6
37067000052,6
3708100JEF3,6
37081000PG1,6
3708100JAM2,6
3708100SUM3,6
37081000H26,6
37081000G56,6
3708100JAM3,6
3708100JAM4,6
37081000G69,6
37067000905,6
37081000G37,6
370810H27-A,6
37067000053,6
37067000054,6
37067000706,6
37081000G39,6
37081000G38,6
37067000401,6
370810H27-B,6
3708100FEN1,6
37081000H23,6
3708100H19B,6
3705700086A,6
37081000G49,6
37081000H13,6
370810G40A1,6
37081000SF3,6
370810G40A2,6
37067000051,6
3708100G41A,6
3708100G41B,6
37081000H10,6
37067000101,6
37081000G68,6
37081000G60,6
37081000H11,6
37081000G36,6
37081000G34,6
3708100JAM1,6
37081000H07,6
3708100FR5A,6
3708100FR5B,6
37067000901,6
3708100JEF4,6
37067000707,6
37067000808,6
37067000203,6
37067000603,6
37059000013,6
37067000032,6
37067000303,6
3708100FEN2,6
37067000607,6
37067000305,6
37067000131,6
37057000088,6
37081000H15,6
37067000123,6
37081000H22,6
37067000602,6
37067000082,6
37067000092,6
37081000G35,6
37081000G52,6
37067000091,6
37081000H12,6
37067000806,6
37067000507,6
37067000908,6
37067000802,6
37067000709,6
37067000703,6
37067000701,6
3708100SUM1,6
37081000G73,6
37081000G01,6
37067000075,6
37081000H17,6
37067000304,6
37067000903,6
37169000017,6
37169000015,6
37081000H06,6
37081000H05,6
37081000H04,6
37067000072,6
37169000004,6
37067000206,6
37067000405,6
37067000604,6
37067000605,6
37169000009,6
37067000122,6
37169001618,6
3708100G42B,6
3708100G42A,6
37081000H21,6
37081000SF4,6
37081000FR3,6
37067000909,6
37067000064,6
37081000FR2,6
37067000501,6
37067000803,6
37081000FR4,6
37081000H09,6
37081000H08,6
37067000404,6
37067000301,6
37067000034,6
37169000012,6
37067000702,6
37169000013,6
37067000601,6
37067000902,6
37067000801,6
37067000062,6
37067000033,6
37169000011,6
37169000010,6
37067000133,6
37067000083,6
37067000081,6
37067000111,6
3708100JAM5,6
37067000067,6
37067000014,6
3719700FBSH,6
37067000502,6
37081000G61,6
37081000G48,6
37081000G50,6
37081000G55,6
37081000OR2,6
37081000H16,6
37081000G43,6
37081000H24,6
37081000G59,6
37081000FR1,6
37081000G63,6
37081000G70,6
37081000G58,6
37067000074,6
37067000907,6
37067000807,6
37067000804,6
37067000055,6
37067000207,6
37067000904,6
37067000071,6
37067000302,6
3719700SFAL,6
37067000012,6
37067000013,6
37067000402,6
37067000065,6
37081000G75,6
37081000SF1,6
37081000OR1,6
37081000G47,6
37081000G74,6
37081000G53,6
37081000G65,6
37081000G51,6
37081000H25,6
3708100SDRI,6
37081000G64,6
3708100SUM2,6
3708100H19A,6
37081000G57,6
3708100SUM4,6
37067000205,6
37081000G67,6
37081000G32,6
37081000H03,6
37067000068,6
37067000201,6
37067000705,6
37067000809,6
37081000G66,6
37081000H14,6
37067000132,6
37067000061,6
37067000708,6
37067000063,6
37057000084,6
37081000H28,6
3708100H29B,6
3708100H29A,6
3708100G40B,6
3708100NDRI,6
37067000066,6
37183016-01,7
37183001-28,7
37183001-14,7
37183001-09,7
37183001-19,7
37183016-07,7
37183004-06,7
37183004-17,7
37183001-07,7
3708500PR26,7
3708500PR24,7
3710100PR14,7
3708500PR25,7
3708500PR29,7
37183001-04,7
3716300WBRK,7
37183015-04,7
37183018-08,7
3710100PR33,7
371010PR11A,7
37183004-14,7
37183004-10,7
3710100PR37,7
3716300CLWE,7
37183004-16,7
3710100PR25,7
37183001-27,7
37183001-34,7
37183004-19,7
3716300TURK,7
37183005-03,7
3718320-06A,7
3718320-06B,7
371010PR31A,7
371010PR10A,7
371010PR10B,7
371010PR11B,7
371010PR29A,7
371010PR27A,7
371010PR27B,7
3710100PR30,7
37183001-35,7
37183001-21,7
37183017-09,7
37183001-26,7
37183016-04,7
37183001-13,7
37183018-02,7
37183016-06,7
37183003-00,7
37183020-12,7
37183004-11,7
37183015-01,7
371010PR31B,7
37183001-11,7
37183004-20,7
37183010-04,7
37183001-29,7
37183018-03,7
37183020-14,7
37183012-09,7
37183001-20,7
37183001-05,7
37183012-07,7
37183018-04,7
37183016-05,7
37183001-40,7
371010PR23B,7
371010PR23A,7
3710100PR09,7
371010PR29B,7
3710100PR13,7
3710100PR34,7
3710100PR35,7
3716300PLVW,7
3708500PR31,7
3716300KFRK,7
3716300SBRG,7
3716300CLSW,7
37183004-05,7
3708500PR08,7
37183001-50,7
3716300HERR,7
37183020-08,7
37183004-13,7
37183020-03,7
37183020-11,7
37183006-09,7
37183006-08,7
37183020-01,7
3716300CLNE,7
37183004-01,7
37183001-25,7
3708500PR20,7
3708500PR32,7
37183020-04,7
3716300CLEA,7
37037000020,7
37183006-10,7
37183001-22,7
37183006-07,7
37183016-09,7
37183016-02,7
3716300CLCE,7
37183006-05,7
37183001-06,7
37183004-08,7
37183004-09,7
37037000042,7
37183001-10,7
37183006-04,7
37183016-03,7
37183004-18,7
37183012-05,7
37183016-11,7
37183016-10,7
3716300KEEN,7
371010PR12B,7
371010PR12A,7
37183018-07,7
3710100PR32,7
3716300AUTR,7
37183020-05,7
37183004-12,7
37183004-21,7
37183001-12,7
37183004-04,7
37183015-03,7
37183020-09,7
37183012-04,7
37183004-07,7
37183004-15,7
3716300MING,7
3716300ROSE,7
37183018-05,7
37183006-06,7
3710100PR28,7
37183015-02,7
3703100WILD,8
3703100CCCP,8
3703100MERR,8
37191000022,8
3703100NRIV,8
37191000004,8
37191000026,8
37191002530,8
3706100CALY,8
37191000028,8
37191000002,8
3703100MASM,8
3719500PRWQ,8
3719500PRWI,8
3719500PRTA,8
3703100MHD4,8
3714100MT19,8
37191000023,8
37191000008,8
37191000027,8
37191000021,8
37191000006,8
3714700200A,8
3707900BEAR,8
37079000SH1,8
3707900CAST,8
3710700000N,8
3719500PRBL,8
371070000K1,8
371070000K3,8
371070000MH,8
3707900SHIN,8
3714701513B,8
3703100BCRK,8
3707900WALS,8
3714700800A,8
37147001301,8
3710100PR19,8
3713300WN04,8
3707900SUGG,8
3706100WOLF,8
3710100PR38,8
3710100PR24,8
3710100PR07,8
37191000003,8
3703100NPT2,8
3703100NPT1,8
3703100IBSP,8
3703100MHD2,8
3703100ABCH,8
3703100MHD1,8
3710100PR26,8
3706100WARS,8
371070000K7,8
3706100FAIS,8
3716300GIDD,8
3706100GLIS,8
3714700200B,8
3713300FS16,8
3713300HR17,8
3713300BC21,8
3714100SC13,8
37103000P07,8
3713300MT24,8
3713300NR02,8
3712700P01A,8
3719500PROL,8
3719500PRWE,8
3703100PELE,8
3719500PRWM,8
3719500PRGA,8
371070000K2,8
37191000013,8
37191000007,8
37191000001,8
37191001920,8
37191000029,8
37191000012,8
37191000016,8
37191000018,8
3704900N3N5,8
3719500PRST,8
3713300CR07,8
37191000014,8
371070000T2,8
370310OTBEG,8
3710100PR08,8
3710100PR36,8
3710100PR20,8
3706100ALBE,8
371070000K9,8
371070000K5,8
370490000N6,8
3716300NGRV,8
371370001GB,8
37049000011,8
37049000007,8
37049000002,8
3703100STEL,8
37049000003,8
3704900VE14,8
3713300JA01,8
3713300BM08,8
371330NE22A,8
3713300VR15,8
3713300HU20,8
371330NE22B,8
3713300EN03,8
37191000009,8
37191000015,8
37191000010,8
37191000024,8
3710100PR04,8
3707900MAUR,8
3707900HOOK,8
3710700000V,8
3706100CFRK,8
3703100MHD3,8
3707900BULL,8
371370005AP,8
37065001401,8
371070000SH,8
37065001301,8
3704900DFB9,8
37147001001,8
3710700000C,8
37049000017,8
370490000N2,8
3714700800B,8
3713300CL10,8
3713300NM13,8
37065001001,8
37065000901,8
3719500PRSA,8
3710100PR22,8
3713300HN14,8
371070000K8,8
3703100HAIS,8
3703100WIHA,8
37191000005,8
37191000017,8
37103000P04,8
3713300TL06,8
3704900CLR4,8
37049000005,8
371070000T1,8
371070000SW,8
3710100PR21,8
37049000023,8
3703100BFT2,8
3703100EMIS,8
3713300SW19,8
3703100BFT1,8
3703100DASW,8
3703100BOGU,8
3714701510B,8
37147000901,8
3703100PKNL,8
371070000FC,8
3713300SF18,8
3719500PRWJ,8
371070000K6,8
3710700000W,8
37103000P06,8
371070000K4,8
3703100CISL,8
3703100ATSL,8
3719500PRWH,8
3719500PRWD,8
3719500PRWR,8
3719500PRWP,8
370490000N1,8
3719500PRWB,8
3710700000I,8
3707900ARBA,8
3719500PRWC,8
37049000020,8
371370001RB,8
3704900TE13,8
37049000019,8
37049000021,8
3719500PRWA,8
370490000N4,8
37049000016,8
3719500PRWL,8
3719500PRTO,8
3719500PRWN,8
3719500PRWK,8
3719500PRCR,8
3719500PRSP,8
3703100MCRK,8
37191000011,8
37023000062,9
37119000012,9
3710900ST36,9
3716100004A,9
3710900LI14,9
3710900SL24,9
37161000014,9
37035000019,9
37023000052,9
37023000001,9
37161000029,9
37035000002,9
370230029-B,9
370230029-A,9
3710900NB35,9
37035000024,9
37023000012,9
37023000013,9
37023000031,9
37023000021,9
37023000024,9
3702700PR25,9
37045FALSTN,9
37119000080,9
3702700PR21,9
37023000066,9
37119000053,9
3702700PR35,9
3702700PR14,9
3716100009A,9
37119000210,9
37023000040,9
37023000022,9
37119000147,9
37119000122,9
37071000007,9
37071000026,9
371190078.1,9
3716100003A,9
37119000089,9
3710900LB34,9
37071000034,9
37045000S-S,9
37045MRB-YO,9
37045BETHWR,9
370450000BR,9
37119000079,9
37119000055,9
3710900BC13,9
37045000S-5,9
37119000098,9
37071000044,9
37071000010,9
371190223.1,9
37071000012,9
37071000022,9
37071000018,9
37071000014,9
37071000039,9
37071000045,9
37045POLKVL,9
370450RIPPY,9
37045LAWNDL,9
37071000006,9
37045OAKGRV,9
3704500WACO,9
37071000023,9
37023000011,9
3702700PR01,9
37119000052,9
37071000035,9
3702700PR24,9
37071000004,9
37119000041,9
37119000081,9
37119000039,9
37023000003,9
37071000027,9
37071000013,9
37071000038,9
37071000024,9
37045KINGST,9
37071000036,9
37071000021,9
37111N.COVE,9
3710900IS23,9
37161000011,9
37071000017,9
37119000224,9
37119000023,9
37119000229,9
37119000243,9
370230047-A,9
370230047-B,9
37023000038,9
37023000039,9
37023000070,9
37071000025,9
37071000028,9
37071000029,9
3716100005A,9
3710900LS12,9
37161000030,9
37161000013,9
37071000033,9
37023000019,9
37071000037,9
3710900HC33,9
3710900OB21,9
3710900LN11,9
37119000040,9
37119000031,9
37119000230,9
37071000009,9
37119000222,9
37071000040,9
37071000015,9
37071000019,9
37071000031,9
37071000008,9
37119000025,9
37071000002,9
37071000041,9
37119000228,9
37071000046,9
37071000011,9
37119000058,9
37071000001,9
37071000016,9
3710900AS25,9
37071000003,9
37071000032,9
37161000019,9
3710900DV08,9
37071000030,9
37119000200,9
37023000051,9
37023000020,9
37045000S-C,9
3704500KM-S,9
37045GROVER,9
370450MULLS,9
370450CASAR,9
3716100010A,9
37045SHANGI,9
3704500S-4A,9
3704500LATT,9
3704500KM-N,9
37071000005,9
37071000020,9
37023000064,9
37023000048,9
37023000014,9
37023000036,9
37023000035,9
37023000065,9
37023000034,9
37119000016,9
37119000059,9
3710900BS26,9
3702700PR02,9
37023000053,9
37019000009,10
37017000P30,10
3704700P02B,10
37047000P14,10
3714100CS04,10
37165000007,10
37129000W13,10
37129000W12,10
3714100LU16,10
37019000018,10
37093000005,10
3714100CF11,10
37155000036,10
37155000030,10
3706100CHIN,10
3701700P501,10
37155000004,10
37047000P05,10
37155000011,10
37017000P15,10
3713300RL09,10
37093000013,10
37047000P21,10
37155000020,10
3715500011A,10
37155000008,10
37155000009,10
3713300HM05,10
3714100LT18,10
37153000009,10
3716300GARL,10
37129000W15,10
3712900FP08,10
37129000M06,10
37129000M07,10
37155000034,10
37129000W24,10
37093000064,10
37129000W28,10
3706100MAGN,10
3716300ROWA,10
3716300INGO,10
3706100BEUL,10
37107000PH2,10
3706100KENA,10
3714100LC09,10
37047000P12,10
37165006-89,10
37155000033,10
37165001-16,10
37155000019,10
37165005-10,10
3706100WALL,10
3706100ROSE,10
37165000004,10
37165000003,10
37017000P80,10
37017000P45,10
3701700P202,10
37017000P55,10
3713300ML23,10
3714100UH08,10
3714100SP15,10
37019000016,10
370190004B2,10
3701900004A,10
37129000W03,10
37129000W26,10
37019000021,10
37019000007,10
37019000017,10
37019000019,10
37019000008,10
37019000020,10
37019000015,10
37155000001,10
37155000017,10
3714100RP20,10
37165002-25,10
37047000P07,10
37093000002,10
3715500026A,10
37019000005,10
37019000001,10
37155000041,10
37155000014,10
37047000P10,10
37047000P13,10
37155000015,10
3715500005A,10
37103000P05,10
37103000P01,10
37155000029,10
3706100HALL,10
3714100SB02,10
37019000014,10
37019000013,10
3701900010A,10
3701900010B,10
37047000P03,10
3712900FP06,10
3712900FP07,10
37129000M03,10
37129000H05,10
37129000W29,10
3714100CT03,10
3712900FP04,10
3712900CF06,10
3712900CF05,10
37129000H01,10
37129000W25,10
37093000004,10
37155000037,10
37129000H06,10
37129000W31,10
3712900FP03,10
37129000W16,10
37129000W17,10
37129000H03,10
37129000M04,10
37129000W21,10
37051000G6B,10
37017000P70,10
37129000W30,10
37129000M02,10
37129000H04,10
37019000002,10
37093000065,10
37155000025,10
3706100LOCK,10
3706100CHAR,10
37155000035,10
37103000P03,10
37103000P02,10
37155000040,10
37155000038,10
37155000013,10
3704900CFB8,10
3706100ROCK,10
3716300HARR,10
3706100CYCK,10
3706100SMCA,10
37017000P65,10
37017000P10,10
3715500018A,10
3714100NB01,10
3714100SH12,10
3714100MH07,10
37019000012,10
37019000011,10
3713300GB12,10
37155000002,10
37155000012,10
37155000023,10
37155000022,10
37155000016,10
37017000P60,10
3701700P201,10
37047000P15,10
37155000028,10
37017000P25,10
37047000P18,10
37017000P40,10
3714100PL10,10
3714100UU17,10
37019000006,10
37019000022,10
37019000023,10
37017000P35,10
37093000003,10
3704700P22A,10
3704700P20A,10
3704700P01A,10
37047000P24,10
3704700P26B,10
3704700P16B,10
37047000P09,10
37047000P08,10
37047000P04,10
37017000P75,10
37093000063,10
37093000061,10
37155000039,10
37129000W18,10
37047000P17,10
37047000P06,10
37093000015,10
37107000PH1,10
3714100UT14,10
37129000W08,10
3712900CF02,10
37129000H12,10
37129000H13,10
37155000024,10
37047000P23,10
3712900CF01,10
37019000003,10
3714100GR06,10
37129000H11,10
37129000H10,10
37129000W27,10
37093000062,10
37129000H08,10
37129000H02,10
3716300LAKE,10
37047000P11,10
37155000007,10
3704700P25B,10
37047000P19,10
3701700P502,10
371290000WB,10
3714100CL05,10
37155000003,10
37093000001,10
3702700PR13,11
37009000015,11
3702700PR07,11
37011000004,11
37189000015,11
37009000004,11
37193000125,11
37009000002,11
37035000004,11
37035000021,11
37035000027,11
3700300S1S2,11
37009000018,11
37035000009,11
37035000006,11
37189000018,11
37009000007,11
37035000030,11
37035000039,11
37035000032,11
37035000001,11
37035000014,11
37035000017,11
37035000026,11
37035000033,11
37193000123,11
3719700NFAL,11
3710900DN29,11
37023000015,11
3719700EBND,11
3700500006A,11
3702700PR33,11
3702700PR16,11
37171000029,11
370030000B2,11
3702700PR17,11
3702700PR30,11
37189000009,11
37011000008,11
37035000016,11
37035000029,11
37035000012,11
37035000023,11
37035000011,11
37035000007,11
3700300000M,11
3700300000E,11
37011000007,11
37009000017,11
37119000127,11
3702700PR32,11
3702700PR22,11
3700300000W,11
3702700PR34,11
3719700DCRK,11
370970000EM,11
370970DV1-A,11
37097000CC3,11
37009000008,11
370970000FT,11
370970000BA,11
37035000022,11
3719300113A,11
37097000CC4,11
37009000006,11
37011000019,11
37009000010,11
37171000030,11
37171000005,11
37189000016,11
37193000112,11
37189000010,11
37035000013,11
37193000111,11
37011000013,11
37189000020,11
37193000101,11
37011000018,11
37035000031,11
37035000008,11
37011000002,11
37189000017,11
3710900IS20,11
3710900WP32,11
3702700PR29,11
3702700PR31,11
3710900PC22,11
37121000003,11
37011000001,11
37011000014,11
37119000202,11
37119000206,11
37171000011,11
37171000032,11
37011000009,11
37119000134,11
37011000012,11
37171000009,11
37119000208,11
370970DV1-B,11
370970DV2-B,11
37189000001,11
37193000109,11
37193000102,11
37193000118,11
37035000041,11
37035000020,11
37035000037,11
37119000240,11
370030000B1,11
37035000003,11
37035000025,11
37035000040,11
3702700PR18,11
37035000010,11
37035000035,11
3719700SKNB,11
3719700BNVL,11
37171000004,11
37171000022,11
37171000010,11
37189000007,11
37189000004,11
37119000133,11
37005000004,11
37189000006,11
37189000003,11
37189000019,11
37193000119,11
37071000042,11
37003T1T4T5,11
37189000002,11
3719700NKNB,11
37189000008,11
3719700NBCK,11
37011000003,11
37035000034,11
37011000010,11
37121000004,11
37011000006,11
37035000038,11
37169000008,11
37189000011,11
37189000014,11
37097000CC2,11
370970000SB,11
370970000UG,11
37097000CC1,11
370970DV2-A,11
3710900DW28,11
37189000005,11
37193000106,11
3710900TA37,11
37005000001,11
37193000124,11
37171000001,11
37193000107,11
37193000128,11
37193000103,11
37193000122,11
3719700SBCK,11
37011000005,11
37023000018,11
37189000012,11
37193000127,11
37193000129,11
37193000114,11
3719300115A,11
37011000015,11
37193000120,11
37119000207,11
37119000242,11
37189000013,11
37071000043,11
37119000209,11
37035000005,11
37009000003,11
37171000024,11
37035000028,11
3702700PR08,11
3700500003A,11
37193000126,11
37119000142,11
37119000143,11
37035000015,11
37011000011,11
37011000017,11
37193000108,11
37193000121,11
3700300T2T3,11
3700300LRSL,11
37035000036,11
3710900LW18,11
3710900LW31,11
3710900CF19,11
37193000104,11
37009000009,11
37193000105,11
37193000117,11
37011000016,11
37009000020,11
37009000014,11
37009000012,11
37009000011,11
3700300G1G2,11
37009000013,11
370970000NH,11
37171000028,11
37009000016,11
37183012-06,12
37051000G7B,12
37051000G7A,12
37125EUR-WP,12
37051000G1B,12
37051000G1A,12
3705100CC34,12
3705100CC03,12
37093000012,12
3705100CC16,12
3705100CC19,12
37155000010,12
37155000021,12
370510G9B-1,12
37037PIT113,12
37037000009,12
371050000D1,12
371050000D2,12
371050000C1,12
371050000C2,12
371510000AW,12
371510000SO,12
371050000E1,12
371050000E2,12
3708500PR23,12
371510000AE,12
3705100CC32,12
3705100CC08,12
37037000024,12
3705100CC04,12
37125000TLT,12
3712500PHA1,12
3708500PR07,12
3712500PHA2,12
3705100CC10,12
3712500PHB2,12
3705100MB62,12
371510000UG,12
37051EO61-2,12
37051000G4B,12
37051000G4C,12
37051000G4A,12
3705100CC15,12
3705100CC06,12
37125000NSP,12
3705100AL51,12
37125000RBN,12
37125000EWD,12
37125000BEN,12
3705100MR02,12
3705100SH77,12
3705100CC21,12
37125000DHR,12
370510G9B-2,12
37051000G9A,12
370510G3A-1,12
370510G3A-2,12
37051000G8D,12
3705100CC12,12
3705100CC14,12
3705100CC07,12
3705100CU02,12
3705100CC05,12
3705100CC29,12
37051EO61-1,12
3705100CC31,12
37125000SSP,12
3712500PHB1,12
37125000SLS,12
3705100CC18,12
3705100CC25,12
3705100CC24,12
37037000021,12
371050000A1,12
371050000A2,12
3708500PR01,12
37051SL78-3,12
3705100CC33,12
3705100CC01,12
37125000PBF,12
37125000LTR,12
37125000PHC,12
37125000EAB,12
37125000PDN,12
371510000BC,12
371510000AS,12
37183012-08,12
370510G2C-2,12
37051000G2A,12
370510G2E-2,12
37051000G2B,12
370510G2C-1,12
3705100G11B,12
37051000G2D,12
3705100CC17,12
370510G2E-1,12
370510G5A-2,12
370510G5B-1,12
3705100LI65,12
3708500PR28,12
37183012-02,12
370510G5A-1,12
37051000G5C,12
370510G5B-2,12
37051000G8A,12
37051000G8B,12
37051000G8C,12
3705100AH49,12
37051000G6A,12
37051000G6C,12
3716300CLEM,12
37125000WAB,12
37125000WND,12
37037000018,12
37125000CAR,12
371050000B1,12
37037MCH110,12
371510000SE,12
37037000030,12
371510000RN,12
37051CL57-1,12
3705100CC27,12
3705100G10C,12
3705100G10A,12
3705100G10B,12
37125000VSS,12
3712500EKWD,12
3712500WKWD,12
3705100CC13,12
37125000CAM,12
37051CL57-2,12
37051000G3B,12
37037000006,12
37037000045,12
37051000G3C,12
3705100LR63,12
3708500PR16,12
37123000STA,12
37125000WEM,12
37123000CAN,12
3715500032A,12
371050000B2,12
37123000BIS,12
37093000014,12
3709300006B,12
3705100CC26,12
37183012-01,12
371510000AN,12
37057000042,13
37057000030,13
37081000G33,13
37169000001,13
37057000068,13
37057000040,13
37057000014,13
37081000G26,13
37171000031,13
37171000019,13
3708100NMAD,13
370810SCLAY,13
37123000OPH,13
3708100STOK,13
37081000G10,13
37081000G45,13
37081000G28,13
371510000SW,13
3705700080A,13
37081000G27,13
37057000064,13
37057000034,13
37081000G23,13
37081000G09,13
371510000DR,13
370810NCGR2,13
371510000GR,13
371510000PR,13
37081000H02,13
37081000G25,13
37159000045,13
37159000004,13
37159000024,13
370970000BE,13
370970000CS,13
37059000002,13
3709700SH-B,13
37081000G19,13
37081000G12,13
37081000G30,13
37081000G11,13
37097000ST3,13
37059000010,13
37067000503,13
371570000WS,13
371510000LC,13
37057000062,13
37057000066,13
37123000LIT,13
371570000NB,13
37171000017,13
37171000027,13
37169000506,13
37081000G03,13
37081000G08,13
37159000042,13
370810NCGR1,13
37171000016,13
37171000012,13
37171000013,13
37171000015,13
37171000018,13
371510000AR,13
37057000028,13
37067000506,13
37057000046,13
37057000082,13
3708100MON1,13
37081000G06,13
37057000078,13
37057000012,13
37057000072,13
37057000060,13
37067000505,13
37081NCLAY2,13
3708100JEF1,13
37067000015,13
3708100CG3B,13
37081000G20,13
37081000G04,13
37081000G07,13
37081000G21,13
3719700NLIB,13
37169000007,13
37081000G05,13
371510000LB,13
37001000001,13
37081000G02,13
37081000G22,13
37081000G18,13
37169000020,13
3708100CG3A,13
37169001819,13
37081000SF2,13
37159000031,13
37159000018,13
37159000028,13
37159000038,13
37159000029,13
37159000032,13
37081000G14,13
37067000504,13
37159000034,13
3709700CH-B,13
37159000007,13
37159000027,13
37159000012,13
37057000058,13
37057000008,13
37057000020,13
37057000052,13
37057000016,13
37067000042,13
371570000HO,13
37081000G29,13
37081000RC2,13
37037000003,13
37159000035,13
37097000ST6,13
37097000ST1,13
370970000TB,13
37097000ST4,13
37037000085,13
37067000011,13
370970000OL,13
371510000TT,13
371510000NM,13
37097000ST2,13
37169000002,13
37169000003,13
371510000RM,13
37097000ST5,13
3709700CH-A,13
3709700SH-A,13
37057000054,13
371510000TB,13
37057000074,13
37057000048,13
37057000070,13
37057000044,13
37081000H01,13
37081000PG2,13
370810MON2B,13
37057000032,13
37057000004,13
37057000076,13
371510000TR,13
370810MON2A,13
37081000G16,13
37081000CG2,13
371510000ST,13
37081000G24,13
370970000CD,13
37059000014,13
37037ESC114,13
37059000009,13
37067000073,13
37059000007,13
37059000008,13
37159000044,13
37059000001,13
37059000003,13
3719700SLIB,13
37059000006,13
3708100SMAD,13
37059000011,13
3708100JEF2,13
37081000G72,13
37081000G31,13
37057000010,13
37057000026,13
37159000039,13
37159000041,13
37159000011,13
37081000G15,13
37081NCLAY1,13
371570000HU,13
3708100MON3,13
371570000IR,13
37081000G44,13
370810000GR,13
37067000043,13
37057000024,13
37057000036,13
37057000050,13
37159000036,13
37159000040,13
37081000G17,13
37081000G13,13
37059000004,13
37159000021,13
37171000025,13
37171000026,13
37057000038,13
37059000012,13
37057000022,13
37059000005,13
37057000006,13
37067000606,13
37001000035,14
37001000064,14
37001000128,14
371350000DM,14
3703300MILT,14
3700100006N,14
37001000129,14
3700100010N,14
37063000005,14
3700100009N,14
3700100012E,14
37001000103,14
3714500CUCL,14
3714500WDSD,14
371350000CX,14
3700100010S,14
37135000EA1,14
371350000SM,14
371350000CP,14
37063000044,14
371350000HE,14
37135000ENO,14
37063000045,14
37063000050,14
3700100012W,14
3700100012S,14
37001000126,14
37001000125,14
37063000048,14
3714500FLRI,14
371350000WD,14
37135000WDS,14
3700100003S,14
371570000DR,14
371350000HF,14
371350000RE,14
371570000MS,14
371350000CH,14
37037000075,14
37135000CS1,14
371350000EH,14
3715700LK-2,14
371570000LI,14
3703300PELH,14
370810SWASH,14
37063000002,14
37063000020,14
37063000007,14
37183005-05,14
371350000NS,14
371350000WW,14
37183005-07,14
37183005-08,14
3703300LEAS,14
3700100003N,14
3700100003C,14
370010003N2,14
3715700ED-1,14
371350000KM,14
371350000LC,14
371570000EC,14
37183005-06,14
371570000RC,14
37063000036,14
37001001210,14
37001000124,14
371570000MA,14
37063000021,14
371350000SJ,14
3703300YANC,14
37183020-15,14
37183020-17,14
37183020-16,14
37063000043,14
371350000PA,14
371350000GB,14
371350000OG,14
3700100009S,14
371350000WH,14
3713500000H,14
371350000EF,14
371350000OW,14
371350000CW,14
37063000025,14
37063000026,14
3707700BERE,14
371350000CG,14
37063000022,14
37063000023,14
37063000019,14
37063000009,14
37063000046,14
370630035.3,14
37001000004,14
370330PROVI,14
370810NWASH,14
37001000127,14
3700100012N,14
37001000013,14
3700100006E,14
3700100003W,14
37001000063,14
371350000TO,14
37135000UNC,14
37063000040,14
37063000004,14
37063000001,14
371350000NC,14
371350000TH,14
37001000002,14
37001000005,14
3703300ANDE,14
3703300STON,14
37001000011,14
371350000CA,14
370330000PH,14
37001000007,14
3700100008S,14
37037NWM117,14
371350000WC,14
37063000003,14
370630053-1,14
37063000037,14
37063000024,14
37063000016,14
37037000015,14
37037000078,14
3714500SWST,14
3714500ROX4,14
37063000006,14
37183005-01,14
3714500OLHI,14
37063000038,14
37063000027,14
3700100006W,14
371350000GL,14
371350000ES,14
371350000CF,14
371350000RF,14
370630053-2,14
371350000DA,14
37081000GIB,14
371570000SE,14
371570000MC,14
37063000039,14
371350000CB,14
3700100008N,14
3714500MTTZ,14
37063000028,14
3714500RCTL,14
37081000RC1,14
37183020-10,14
3714500HLWY,14
3714500PNTH,14
3703300LOCU,14
371350000CO,14
3700100006S,14
